アカウント名,"区分 (状態)","予約申請番号 抽選申請番号","利用日 利用時間",会館名称,施設名称,"設備 予約","減免 申請",支払,"許可書 出力","一括 取消",取消,"一部 取消","追加抽選 申込","利用 確定",許可,"抽選日 (予約申請番号)"
10006770,"抽選 (当選未確定)",2020000628,"2021年3月7日 14:30〜16:30",岐阜ファミリーパークテニスコート,第２コート,"  ","  ","  ","  ","  ",,," ",,,,"2021年2月1日 (2020003413)"
10006770,"抽選 (落選)",2020000629,"2021年3月7日 12:30〜14:30",岐阜ファミリーパークテニスコート,第１コート,"  ","  ","  ","  ","  "," "," "," ",,"  ",,"2021年2月1日 ----------"
10006770,"抽選 (落選)",2020000629,"2021年3月7日 12:30〜14:30",岐阜ファミリーパークテニスコート,第２コート,"  ","  ","  ","  ","  "," "," "," ",,"  ",,"2021年2月1日 ----------"
10006770,"抽選 (落選)",2020000642,"2021年3月13日 12:30〜14:30",岐阜ファミリーパークテニスコート,第３コート,"  ","  ","  ","  ","  "," "," "," ",,"  ",,"2021年2月1日 ----------"
10006770,"抽選 (落選)",2020000642,"2021年3月13日 12:30〜14:30",岐阜ファミリーパークテニスコート,第４コート,"  ","  ","  ","  ","  "," "," "," ",,"  ",,"2021年2月1日 ----------"
10006770,"抽選 (当選未確定)",2020000643,"2021年3月13日 14:30〜16:30",岐阜ファミリーパークテニスコート,第３コート,"  ","  ","  ","  ","  ",,," ",,,,"2021年2月1日 (2020003429)"
10006770,"抽選 (当選未確定)",2020000643,"2021年3月13日 14:30〜16:30",岐阜ファミリーパークテニスコート,第４コート,"  ","  ","  ","  ","  ",,," ",,,,"2021年2月1日 (2020003429)"
10006770,"抽選 (落選)",2020003961,"2021年3月21日 12:30〜14:30",木ノ下テニスコート,第６コート（人工芝）,"  ","  ","  ","  ","  "," "," "," ",,"  ",,"2021年2月1日 ----------"
10006770,"抽選 (落選)",2020003961,"2021年3月21日 12:30〜14:30",木ノ下テニスコート,第７コート（人工芝）,"  ","  ","  ","  ","  "," "," "," ",,"  ",,"2021年2月1日 ----------"
10006770,"抽選 (当選未確定)",2020003962,"2021年3月21日 14:30〜16:30",木ノ下テニスコート,第６コート（人工芝）,"  ","  ","  ","  ","  ",,," ",,,,"2021年2月1日 (2020003545)"
10006770,"抽選 (当選未確定)",2020003962,"2021年3月21日 14:30〜16:30",木ノ下テニスコート,第７コート（人工芝）,"  ","  ","  ","  ","  ",,," ",,,,"2021年2月1日 (2020003545)"
10006770,"抽選 (落選)",2020002193,"2021年3月21日 12:30〜14:30",境川緑道公園テニスコート,Ａ面,"  ","  ","  ","  ","  "," "," "," ",,"  ",,"2021年2月1日 ----------"
10006770,"抽選 (落選)",2020002193,"2021年3月21日 12:30〜14:30",境川緑道公園テニスコート,Ｂ面,"  ","  ","  ","  ","  "," "," "," ",,"  ",,"2021年2月1日 ----------"
10006770,"抽選 (落選)",2020002194,"2021年3月21日 14:30〜16:30",境川緑道公園テニスコート,Ａ面,"  ","  ","  ","  ","  "," "," "," ",,"  ",,"2021年2月1日 ----------"
10006770,"抽選 (落選)",2020002194,"2021年3月21日 14:30〜16:30",境川緑道公園テニスコート,Ｂ面,"  ","  ","  ","  ","  "," "," "," ",,"  ",,"2021年2月1日 ----------"
10006770,"抽選 (落選)",2020002195,"2021年3月21日 12:30〜14:30",境川緑道公園テニスコート,Ｃ面,"  ","  ","  ","  ","  "," "," "," ",,"  ",,"2021年2月1日 ----------"
10006770,"抽選 (落選)",2020002195,"2021年3月21日 12:30〜14:30",境川緑道公園テニスコート,Ｄ面,"  ","  ","  ","  ","  "," "," "," ",,"  ",,"2021年2月1日 ----------"
10006770,"抽選 (落選)",2020002196,"2021年3月21日 14:30〜16:30",境川緑道公園テニスコート,Ｃ面,"  ","  ","  ","  ","  "," "," "," ",,"  ",,"2021年2月1日 ----------"
10006770,"抽選 (落選)",2020002196,"2021年3月21日 14:30〜16:30",境川緑道公園テニスコート,Ｄ面,"  ","  ","  ","  ","  "," "," "," ",,"  ",,"2021年2月1日 ----------"
10006770,"抽選 (落選)",2020002169,"2021年3月28日 12:30〜14:30",境川緑道公園テニスコート,Ｂ面,"  ","  ","  ","  ","  "," "," "," ",,"  ",,"2021年2月1日 ----------"
10006770,"抽選 (落選)",2020002170,"2021年3月28日 14:30〜16:30",境川緑道公園テニスコート,Ａ面,"  ","  ","  ","  ","  "," "," "," ",,"  ",,"2021年2月1日 ----------"
10006770,"抽選 (落選)",2020002170,"2021年3月28日 14:30〜16:30",境川緑道公園テニスコート,Ｂ面,"  ","  ","  ","  ","  "," "," "," ",,"  ",,"2021年2月1日 ----------"
10006770,"抽選 (落選)",2020002171,"2021年3月28日 12:30〜14:30",境川緑道公園テニスコート,Ｃ面,"  ","  ","  ","  ","  "," "," "," ",,"  ",,"2021年2月1日 ----------"
10006770,"抽選 (落選)",2020002171,"2021年3月28日 12:30〜14:30",境川緑道公園テニスコート,Ｄ面,"  ","  ","  ","  ","  "," "," "," ",,"  ",,"2021年2月1日 ----------"
10006770,"抽選 (落選)",2020002172,"2021年3月28日 14:30〜16:30",境川緑道公園テニスコート,Ｃ面,"  ","  ","  ","  ","  "," "," "," ",,"  ",,"2021年2月1日 ----------"
10006770,"抽選 (落選)",2020002172,"2021年3月28日 14:30〜16:30",境川緑道公園テニスコート,Ｄ面,"  ","  ","  ","  ","  "," "," "," ",,"  ",,"2021年2月1日 ----------"
アカウント名,"区分 (状態)","予約申請番号 抽選申請番号","利用日 利用時間",会館名称,施設名称,"設備 予約","減免 申請",支払,"許可書 出力","一括 取消",取消,"一部 取消","追加抽選 申込","利用 確定",許可,"抽選日 (予約申請番号)"
10008771,"抽選 (落選)",2020000626,"2021年3月7日 12:30〜14:30",岐阜ファミリーパークテニスコート,第２コート,"  ","  ","  ","  ","  "," "," "," ",,"  ",,"2021年2月1日 ----------"
10008771,"抽選 (落選)",2020000627,"2021年3月7日 14:30〜16:30",岐阜ファミリーパークテニスコート,第１コート,"  ","  ","  ","  ","  "," "," "," ",,"  ",,"2021年2月1日 ----------"
10008771,"抽選 (落選)",2020000627,"2021年3月7日 14:30〜16:30",岐阜ファミリーパークテニスコート,第２コート,"  ","  ","  ","  ","  "," "," "," ",,"  ",,"2021年2月1日 ----------"
10008771,"抽選 (落選)",2020000640,"2021年3月13日 12:30〜14:30",岐阜ファミリーパークテニスコート,第３コート,"  ","  ","  ","  ","  "," "," "," ",,"  ",,"2021年2月1日 ----------"
10008771,"抽選 (落選)",2020000640,"2021年3月13日 12:30〜14:30",岐阜ファミリーパークテニスコート,第４コート,"  ","  ","  ","  ","  "," "," "," ",,"  ",,"2021年2月1日 ----------"
10008771,"抽選 (落選)",2020000641,"2021年3月13日 14:30〜16:30",岐阜ファミリーパークテニスコート,第３コート,"  ","  ","  ","  ","  "," "," "," ",,"  ",,"2021年2月1日 ----------"
10008771,"抽選 (落選)",2020000641,"2021年3月13日 14:30〜16:30",岐阜ファミリーパークテニスコート,第４コート,"  ","  ","  ","  ","  "," "," "," ",,"  ",,"2021年2月1日 ----------"
10008771,"抽選 (落選)",2020003959,"2021年3月21日 12:30〜14:30",木ノ下テニスコート,第６コート（人工芝）,"  ","  ","  ","  ","  "," "," "," ",,"  ",,"2021年2月1日 ----------"
10008771,"抽選 (落選)",2020003959,"2021年3月21日 12:30〜14:30",木ノ下テニスコート,第７コート（人工芝）,"  ","  ","  ","  ","  "," "," "," ",,"  ",,"2021年2月1日 ----------"
10008771,"抽選 (落選)",2020003960,"2021年3月21日 14:30〜16:30",木ノ下テニスコート,第６コート（人工芝）,"  ","  ","  ","  ","  "," "," "," ",,"  ",,"2021年2月1日 ----------"
10008771,"抽選 (落選)",2020003960,"2021年3月21日 14:30〜16:30",木ノ下テニスコート,第７コート（人工芝）,"  ","  ","  ","  ","  "," "," "," ",,"  ",,"2021年2月1日 ----------"
10008771,"抽選 (落選)",2020002197,"2021年3月21日 12:30〜14:30",境川緑道公園テニスコート,Ａ面,"  ","  ","  ","  ","  "," "," "," ",,"  ",,"2021年2月1日 ----------"
10008771,"抽選 (落選)",2020002197,"2021年3月21日 12:30〜14:30",境川緑道公園テニスコート,Ｂ面,"  ","  ","  ","  ","  "," "," "," ",,"  ",,"2021年2月1日 ----------"
10008771,"抽選 (落選)",2020002198,"2021年3月21日 14:30〜16:30",境川緑道公園テニスコート,Ａ面,"  ","  ","  ","  ","  "," "," "," ",,"  ",,"2021年2月1日 ----------"
10008771,"抽選 (落選)",2020002198,"2021年3月21日 14:30〜16:30",境川緑道公園テニスコート,Ｂ面,"  ","  ","  ","  ","  "," "," "," ",,"  ",,"2021年2月1日 ----------"
10008771,"抽選 (落選)",2020002199,"2021年3月21日 12:30〜14:30",境川緑道公園テニスコート,Ｃ面,"  ","  ","  ","  ","  "," "," "," ",,"  ",,"2021年2月1日 ----------"
10008771,"抽選 (落選)",2020002199,"2021年3月21日 12:30〜14:30",境川緑道公園テニスコート,Ｄ面,"  ","  ","  ","  ","  "," "," "," ",,"  ",,"2021年2月1日 ----------"
10008771,"抽選 (落選)",2020002200,"2021年3月21日 14:30〜16:30",境川緑道公園テニスコート,Ｃ面,"  ","  ","  ","  ","  "," "," "," ",,"  ",,"2021年2月1日 ----------"
10008771,"抽選 (落選)",2020002200,"2021年3月21日 14:30〜16:30",境川緑道公園テニスコート,Ｄ面,"  ","  ","  ","  ","  "," "," "," ",,"  ",,"2021年2月1日 ----------"
10008771,"抽選 (当選未確定)",2020002165,"2021年3月28日 12:30〜14:30",境川緑道公園テニスコート,Ｂ面,"  ","  ","  ","  ","  ",,," ",,,,"2021年2月1日 (2020004101)"
10008771,"抽選 (当選未確定)",2020002166,"2021年3月28日 14:30〜16:30",境川緑道公園テニスコート,Ａ面,"  ","  ","  ","  ","  ",,," ",,,,"2021年2月1日 (2020004105)"
10008771,"抽選 (当選未確定)",2020002166,"2021年3月28日 14:30〜16:30",境川緑道公園テニスコート,Ｂ面,"  ","  ","  ","  ","  ",,," ",,,,"2021年2月1日 (2020004105)"
10008771,"抽選 (落選)",2020002167,"2021年3月28日 12:30〜14:30",境川緑道公園テニスコート,Ｃ面,"  ","  ","  ","  ","  "," "," "," ",,"  ",,"2021年2月1日 ----------"
10008771,"抽選 (落選)",2020002167,"2021年3月28日 12:30〜14:30",境川緑道公園テニスコート,Ｄ面,"  ","  ","  ","  ","  "," "," "," ",,"  ",,"2021年2月1日 ----------"
10008771,"抽選 (落選)",2020002168,"2021年3月28日 14:30〜16:30",境川緑道公園テニスコート,Ｃ面,"  ","  ","  ","  ","  "," "," "," ",,"  ",,"2021年2月1日 ----------"
10008771,"抽選 (落選)",2020002168,"2021年3月28日 14:30〜16:30",境川緑道公園テニスコート,Ｄ面,"  ","  ","  ","  ","  "," "," "," ",,"  ",,"2021年2月1日 ----------"
アカウント名,"区分 (状態)","予約申請番号 抽選申請番号","利用日 利用時間",会館名称,施設名称,"設備 予約","減免 申請",支払,"許可書 出力","一括 取消",取消,"一部 取消","追加抽選 申込","利用 確定",許可,"抽選日 (予約申請番号)"
10001685,"抽選 (落選)",2020000630,"2021年3月7日 12:30〜14:30",岐阜ファミリーパークテニスコート,第２コート,"  ","  ","  ","  ","  "," "," "," ",,"  ",,"2021年2月1日 ----------"
10001685,"抽選 (落選)",2020000631,"2021年3月7日 14:30〜16:30",岐阜ファミリーパークテニスコート,第１コート,"  ","  ","  ","  ","  "," "," "," ",,"  ",,"2021年2月1日 ----------"
10001685,"抽選 (落選)",2020000631,"2021年3月7日 14:30〜16:30",岐阜ファミリーパークテニスコート,第２コート,"  ","  ","  ","  ","  "," "," "," ",,"  ",,"2021年2月1日 ----------"
10001685,"抽選 (落選)",2020000644,"2021年3月13日 12:30〜14:30",岐阜ファミリーパークテニスコート,第３コート,"  ","  ","  ","  ","  "," "," "," ",,"  ",,"2021年2月1日 ----------"
10001685,"抽選 (落選)",2020000644,"2021年3月13日 12:30〜14:30",岐阜ファミリーパークテニスコート,第４コート,"  ","  ","  ","  ","  "," "," "," ",,"  ",,"2021年2月1日 ----------"
10001685,"抽選 (落選)",2020000645,"2021年3月13日 14:30〜16:30",岐阜ファミリーパークテニスコート,第３コート,"  ","  ","  ","  ","  "," "," "," ",,"  ",,"2021年2月1日 ----------"
10001685,"抽選 (落選)",2020000645,"2021年3月13日 14:30〜16:30",岐阜ファミリーパークテニスコート,第４コート,"  ","  ","  ","  ","  "," "," "," ",,"  ",,"2021年2月1日 ----------"
10001685,"抽選 (落選)",2020003963,"2021年3月21日 12:30〜14:30",木ノ下テニスコート,第６コート（人工芝）,"  ","  ","  ","  ","  "," "," "," ",,"  ",,"2021年2月1日 ----------"
10001685,"抽選 (落選)",2020003963,"2021年3月21日 12:30〜14:30",木ノ下テニスコート,第７コート（人工芝）,"  ","  ","  ","  ","  "," "," "," ",,"  ",,"2021年2月1日 ----------"
10001685,"抽選 (落選)",2020003964,"2021年3月21日 14:30〜16:30",木ノ下テニスコート,第６コート（人工芝）,"  ","  ","  ","  ","  "," "," "," ",,"  ",,"2021年2月1日 ----------"
10001685,"抽選 (落選)",2020003964,"2021年3月21日 14:30〜16:30",木ノ下テニスコート,第７コート（人工芝）,"  ","  ","  ","  ","  "," "," "," ",,"  ",,"2021年2月1日 ----------"
10001685,"抽選 (当選未確定)",2020002201,"2021年3月21日 12:30〜14:30",境川緑道公園テニスコート,Ａ面,"  ","  ","  ","  ","  ",,," ",,,,"2021年2月1日 (2020004081)"
10001685,"抽選 (当選未確定)",2020002201,"2021年3月21日 12:30〜14:30",境川緑道公園テニスコート,Ｂ面,"  ","  ","  ","  ","  ",,," ",,,,"2021年2月1日 (2020004081)"
10001685,"抽選 (落選)",2020002202,"2021年3月21日 14:30〜16:30",境川緑道公園テニスコート,Ａ面,"  ","  ","  ","  ","  "," "," "," ",,"  ",,"2021年2月1日 ----------"
10001685,"抽選 (落選)",2020002202,"2021年3月21日 14:30〜16:30",境川緑道公園テニスコート,Ｂ面,"  ","  ","  ","  ","  "," "," "," ",,"  ",,"2021年2月1日 ----------"
10001685,"抽選 (当選未確定)",2020002203,"2021年3月21日 12:30〜14:30",境川緑道公園テニスコート,Ｃ面,"  ","  ","  ","  ","  ",,," ",,,,"2021年2月1日 (2020004082)"
10001685,"抽選 (当選未確定)",2020002203,"2021年3月21日 12:30〜14:30",境川緑道公園テニスコート,Ｄ面,"  ","  ","  ","  ","  ",,," ",,,,"2021年2月1日 (2020004082)"
10001685,"抽選 (落選)",2020002204,"2021年3月21日 14:30〜16:30",境川緑道公園テニスコート,Ｃ面,"  ","  ","  ","  ","  "," "," "," ",,"  ",,"2021年2月1日 ----------"
10001685,"抽選 (落選)",2020002204,"2021年3月21日 14:30〜16:30",境川緑道公園テニスコート,Ｄ面,"  ","  ","  ","  ","  "," "," "," ",,"  ",,"2021年2月1日 ----------"
10001685,"抽選 (落選)",2020002173,"2021年3月28日 12:30〜14:30",境川緑道公園テニスコート,Ｂ面,"  ","  ","  ","  ","  "," "," "," ",,"  ",,"2021年2月1日 ----------"
10001685,"抽選 (落選)",2020002174,"2021年3月28日 14:30〜16:30",境川緑道公園テニスコート,Ａ面,"  ","  ","  ","  ","  "," "," "," ",,"  ",,"2021年2月1日 ----------"
10001685,"抽選 (落選)",2020002174,"2021年3月28日 14:30〜16:30",境川緑道公園テニスコート,Ｂ面,"  ","  ","  ","  ","  "," "," "," ",,"  ",,"2021年2月1日 ----------"
10001685,"抽選 (落選)",2020002175,"2021年3月28日 12:30〜14:30",境川緑道公園テニスコート,Ｃ面,"  ","  ","  ","  ","  "," "," "," ",,"  ",,"2021年2月1日 ----------"
10001685,"抽選 (落選)",2020002175,"2021年3月28日 12:30〜14:30",境川緑道公園テニスコート,Ｄ面,"  ","  ","  ","  ","  "," "," "," ",,"  ",,"2021年2月1日 ----------"
10001685,"抽選 (落選)",2020002176,"2021年3月28日 14:30〜16:30",境川緑道公園テニスコート,Ｃ面,"  ","  ","  ","  ","  "," "," "," ",,"  ",,"2021年2月1日 ----------"
10001685,"抽選 (落選)",2020002176,"2021年3月28日 14:30〜16:30",境川緑道公園テニスコート,Ｄ面,"  ","  ","  ","  ","  "," "," "," ",,"  ",,"2021年2月1日 ----------"
アカウント名,"区分 (状態)","予約申請番号 抽選申請番号","利用日 利用時間",会館名称,施設名称,"設備 予約","減免 申請",支払,"許可書 出力","一括 取消",取消,"一部 取消","追加抽選 申込","利用 確定",許可,"抽選日 (予約申請番号)"
10008751,"抽選 (当選未確定)",2020000632,"2021年3月7日 12:30〜14:30",岐阜ファミリーパークテニスコート,第２コート,"  ","  ","  ","  ","  ",,," ",,,,"2021年2月1日 (2020003411)"
10008751,"抽選 (落選)",2020000633,"2021年3月7日 14:30〜16:30",岐阜ファミリーパークテニスコート,第１コート,"  ","  ","  ","  ","  "," "," "," ",,"  ",,"2021年2月1日 ----------"
10008751,"抽選 (落選)",2020000633,"2021年3月7日 14:30〜16:30",岐阜ファミリーパークテニスコート,第２コート,"  ","  ","  ","  ","  "," "," "," ",,"  ",,"2021年2月1日 ----------"
10008751,"抽選 (当選未確定)",2020000646,"2021年3月13日 12:30〜14:30",岐阜ファミリーパークテニスコート,第３コート,"  ","  ","  ","  ","  ",,," ",,,,"2021年2月1日 (2020003425)"
10008751,"抽選 (当選未確定)",2020000646,"2021年3月13日 12:30〜14:30",岐阜ファミリーパークテニスコート,第４コート,"  ","  ","  ","  ","  ",,," ",,,,"2021年2月1日 (2020003425)"
10008751,"抽選 (落選)",2020000647,"2021年3月13日 14:30〜16:30",岐阜ファミリーパークテニスコート,第３コート,"  ","  ","  ","  ","  "," "," "," ",,"  ",,"2021年2月1日 ----------"
10008751,"抽選 (落選)",2020000647,"2021年3月13日 14:30〜16:30",岐阜ファミリーパークテニスコート,第４コート,"  ","  ","  ","  ","  "," "," "," ",,"  ",,"2021年2月1日 ----------"
10008751,"抽選 (落選)",2020003965,"2021年3月21日 12:30〜14:30",木ノ下テニスコート,第６コート（人工芝）,"  ","  ","  ","  ","  "," "," "," ",,"  ",,"2021年2月1日 ----------"
10008751,"抽選 (落選)",2020003965,"2021年3月21日 12:30〜14:30",木ノ下テニスコート,第７コート（人工芝）,"  ","  ","  ","  ","  "," "," "," ",,"  ",,"2021年2月1日 ----------"
10008751,"抽選 (落選)",2020003966,"2021年3月21日 14:30〜16:30",木ノ下テニスコート,第６コート（人工芝）,"  ","  ","  ","  ","  "," "," "," ",,"  ",,"2021年2月1日 ----------"
10008751,"抽選 (落選)",2020003966,"2021年3月21日 14:30〜16:30",木ノ下テニスコート,第７コート（人工芝）,"  ","  ","  ","  ","  "," "," "," ",,"  ",,"2021年2月1日 ----------"
10008751,"抽選 (落選)",2020002205,"2021年3月21日 12:30〜14:30",境川緑道公園テニスコート,Ａ面,"  ","  ","  ","  ","  "," "," "," ",,"  ",,"2021年2月1日 ----------"
10008751,"抽選 (落選)",2020002205,"2021年3月21日 12:30〜14:30",境川緑道公園テニスコート,Ｂ面,"  ","  ","  ","  ","  "," "," "," ",,"  ",,"2021年2月1日 ----------"
10008751,"抽選 (当選未確定)",2020002206,"2021年3月21日 14:30〜16:30",境川緑道公園テニスコート,Ａ面,"  ","  ","  ","  ","  ",,," ",,,,"2021年2月1日 (2020004079)"
10008751,"抽選 (当選未確定)",2020002206,"2021年3月21日 14:30〜16:30",境川緑道公園テニスコート,Ｂ面,"  ","  ","  ","  ","  ",,," ",,,,"2021年2月1日 (2020004079)"
10008751,"抽選 (落選)",2020002207,"2021年3月21日 12:30〜14:30",境川緑道公園テニスコート,Ｃ面,"  ","  ","  ","  ","  "," "," "," ",,"  ",,"2021年2月1日 ----------"
10008751,"抽選 (落選)",2020002207,"2021年3月21日 12:30〜14:30",境川緑道公園テニスコート,Ｄ面,"  ","  ","  ","  ","  "," "," "," ",,"  ",,"2021年2月1日 ----------"
10008751,"抽選 (落選)",2020002208,"2021年3月21日 14:30〜16:30",境川緑道公園テニスコート,Ｃ面,"  ","  ","  ","  ","  "," "," "," ",,"  ",,"2021年2月1日 ----------"
10008751,"抽選 (落選)",2020002208,"2021年3月21日 14:30〜16:30",境川緑道公園テニスコート,Ｄ面,"  ","  ","  ","  ","  "," "," "," ",,"  ",,"2021年2月1日 ----------"
10008751,"抽選 (落選)",2020002177,"2021年3月28日 12:30〜14:30",境川緑道公園テニスコート,Ｂ面,"  ","  ","  ","  ","  "," "," "," ",,"  ",,"2021年2月1日 ----------"
10008751,"抽選 (落選)",2020002178,"2021年3月28日 14:30〜16:30",境川緑道公園テニスコート,Ａ面,"  ","  ","  ","  ","  "," "," "," ",,"  ",,"2021年2月1日 ----------"
10008751,"抽選 (落選)",2020002178,"2021年3月28日 14:30〜16:30",境川緑道公園テニスコート,Ｂ面,"  ","  ","  ","  ","  "," "," "," ",,"  ",,"2021年2月1日 ----------"
10008751,"抽選 (落選)",2020002179,"2021年3月28日 12:30〜14:30",境川緑道公園テニスコート,Ｃ面,"  ","  ","  ","  ","  "," "," "," ",,"  ",,"2021年2月1日 ----------"
10008751,"抽選 (落選)",2020002179,"2021年3月28日 12:30〜14:30",境川緑道公園テニスコート,Ｄ面,"  ","  ","  ","  ","  "," "," "," ",,"  ",,"2021年2月1日 ----------"
10008751,"抽選 (当選未確定)",2020002180,"2021年3月28日 14:30〜16:30",境川緑道公園テニスコート,Ｃ面,"  ","  ","  ","  ","  ",,," ",,,,"2021年2月1日 (2020004107)"
10008751,"抽選 (当選未確定)",2020002180,"2021年3月28日 14:30〜16:30",境川緑道公園テニスコート,Ｄ面,"  ","  ","  ","  ","  ",,," ",,,,"2021年2月1日 (2020004107)"
アカウント名,"区分 (状態)","予約申請番号 抽選申請番号","利用日 利用時間",会館名称,施設名称,"設備 予約","減免 申請",支払,"許可書 出力","一括 取消",取消,"一部 取消","追加抽選 申込","利用 確定",許可,"抽選日 (予約申請番号)"
10008769,"抽選 (落選)",2020000634,"2021年3月7日 12:30〜14:30",岐阜ファミリーパークテニスコート,第２コート,"  ","  ","  ","  ","  "," "," "," ",,"  ",,"2021年2月1日 ----------"
10008769,"抽選 (落選)",2020000635,"2021年3月7日 14:30〜16:30",岐阜ファミリーパークテニスコート,第１コート,"  ","  ","  ","  ","  "," "," "," ",,"  ",,"2021年2月1日 ----------"
10008769,"抽選 (落選)",2020000635,"2021年3月7日 14:30〜16:30",岐阜ファミリーパークテニスコート,第２コート,"  ","  ","  ","  ","  "," "," "," ",,"  ",,"2021年2月1日 ----------"
10008769,"抽選 (落選)",2020000648,"2021年3月13日 12:30〜14:30",岐阜ファミリーパークテニスコート,第３コート,"  ","  ","  ","  ","  "," "," "," ",,"  ",,"2021年2月1日 ----------"
10008769,"抽選 (落選)",2020000648,"2021年3月13日 12:30〜14:30",岐阜ファミリーパークテニスコート,第４コート,"  ","  ","  ","  ","  "," "," "," ",,"  ",,"2021年2月1日 ----------"
10008769,"抽選 (落選)",2020000649,"2021年3月13日 14:30〜16:30",岐阜ファミリーパークテニスコート,第３コート,"  ","  ","  ","  ","  "," "," "," ",,"  ",,"2021年2月1日 ----------"
10008769,"抽選 (落選)",2020000649,"2021年3月13日 14:30〜16:30",岐阜ファミリーパークテニスコート,第４コート,"  ","  ","  ","  ","  "," "," "," ",,"  ",,"2021年2月1日 ----------"
10008769,"抽選 (落選)",2020003967,"2021年3月21日 12:30〜14:30",木ノ下テニスコート,第６コート（人工芝）,"  ","  ","  ","  ","  "," "," "," ",,"  ",,"2021年2月1日 ----------"
10008769,"抽選 (落選)",2020003967,"2021年3月21日 12:30〜14:30",木ノ下テニスコート,第７コート（人工芝）,"  ","  ","  ","  ","  "," "," "," ",,"  ",,"2021年2月1日 ----------"
10008769,"抽選 (落選)",2020003968,"2021年3月21日 14:30〜16:30",木ノ下テニスコート,第６コート（人工芝）,"  ","  ","  ","  ","  "," "," "," ",,"  ",,"2021年2月1日 ----------"
10008769,"抽選 (落選)",2020003968,"2021年3月21日 14:30〜16:30",木ノ下テニスコート,第７コート（人工芝）,"  ","  ","  ","  ","  "," "," "," ",,"  ",,"2021年2月1日 ----------"
10008769,"抽選 (落選)",2020002209,"2021年3月21日 12:30〜14:30",境川緑道公園テニスコート,Ａ面,"  ","  ","  ","  ","  "," "," "," ",,"  ",,"2021年2月1日 ----------"
10008769,"抽選 (落選)",2020002209,"2021年3月21日 12:30〜14:30",境川緑道公園テニスコート,Ｂ面,"  ","  ","  ","  ","  "," "," "," ",,"  ",,"2021年2月1日 ----------"
10008769,"抽選 (落選)",2020002210,"2021年3月21日 14:30〜16:30",境川緑道公園テニスコート,Ａ面,"  ","  ","  ","  ","  "," "," "," ",,"  ",,"2021年2月1日 ----------"
10008769,"抽選 (落選)",2020002210,"2021年3月21日 14:30〜16:30",境川緑道公園テニスコート,Ｂ面,"  ","  ","  ","  ","  "," "," "," ",,"  ",,"2021年2月1日 ----------"
10008769,"抽選 (落選)",2020002211,"2021年3月21日 12:30〜14:30",境川緑道公園テニスコート,Ｃ面,"  ","  ","  ","  ","  "," "," "," ",,"  ",,"2021年2月1日 ----------"
10008769,"抽選 (落選)",2020002211,"2021年3月21日 12:30〜14:30",境川緑道公園テニスコート,Ｄ面,"  ","  ","  ","  ","  "," "," "," ",,"  ",,"2021年2月1日 ----------"
10008769,"抽選 (落選)",2020002212,"2021年3月21日 14:30〜16:30",境川緑道公園テニスコート,Ｃ面,"  ","  ","  ","  ","  "," "," "," ",,"  ",,"2021年2月1日 ----------"
10008769,"抽選 (落選)",2020002212,"2021年3月21日 14:30〜16:30",境川緑道公園テニスコート,Ｄ面,"  ","  ","  ","  ","  "," "," "," ",,"  ",,"2021年2月1日 ----------"
10008769,"抽選 (落選)",2020002181,"2021年3月28日 12:30〜14:30",境川緑道公園テニスコート,Ｂ面,"  ","  ","  ","  ","  "," "," "," ",,"  ",,"2021年2月1日 ----------"
10008769,"抽選 (落選)",2020002182,"2021年3月28日 14:30〜16:30",境川緑道公園テニスコート,Ａ面,"  ","  ","  ","  ","  "," "," "," ",,"  ",,"2021年2月1日 ----------"
10008769,"抽選 (落選)",2020002182,"2021年3月28日 14:30〜16:30",境川緑道公園テニスコート,Ｂ面,"  ","  ","  ","  ","  "," "," "," ",,"  ",,"2021年2月1日 ----------"
10008769,"抽選 (当選未確定)",2020002183,"2021年3月28日 12:30〜14:30",境川緑道公園テニスコート,Ｃ面,"  ","  ","  ","  ","  ",,," ",,,,"2021年2月1日 (2020004106)"
10008769,"抽選 (当選未確定)",2020002183,"2021年3月28日 12:30〜14:30",境川緑道公園テニスコート,Ｄ面,"  ","  ","  ","  ","  ",,," ",,,,"2021年2月1日 (2020004106)"
10008769,"抽選 (落選)",2020002184,"2021年3月28日 14:30〜16:30",境川緑道公園テニスコート,Ｃ面,"  ","  ","  ","  ","  "," "," "," ",,"  ",,"2021年2月1日 ----------"
10008769,"抽選 (落選)",2020002184,"2021年3月28日 14:30〜16:30",境川緑道公園テニスコート,Ｄ面,"  ","  ","  ","  ","  "," "," "," ",,"  ",,"2021年2月1日 ----------"
アカウント名,"区分 (状態)","予約申請番号 抽選申請番号","利用日 利用時間",会館名称,施設名称,"設備 予約","減免 申請",支払,"許可書 出力","一括 取消",取消,"一部 取消","追加抽選 申込","利用 確定",許可,"抽選日 (予約申請番号)"
10009221,"抽選 (落選)",2020000636,"2021年3月7日 12:30〜14:30",岐阜ファミリーパークテニスコート,第２コート,"  ","  ","  ","  ","  "," "," "," ",,"  ",,"2021年2月1日 ----------"
10009221,"抽選 (落選)",2020000637,"2021年3月7日 14:30〜16:30",岐阜ファミリーパークテニスコート,第１コート,"  ","  ","  ","  ","  "," "," "," ",,"  ",,"2021年2月1日 ----------"
10009221,"抽選 (落選)",2020000637,"2021年3月7日 14:30〜16:30",岐阜ファミリーパークテニスコート,第２コート,"  ","  ","  ","  ","  "," "," "," ",,"  ",,"2021年2月1日 ----------"
10009221,"抽選 (落選)",2020000650,"2021年3月13日 12:30〜14:30",岐阜ファミリーパークテニスコート,第３コート,"  ","  ","  ","  ","  "," "," "," ",,"  ",,"2021年2月1日 ----------"
10009221,"抽選 (落選)",2020000650,"2021年3月13日 12:30〜14:30",岐阜ファミリーパークテニスコート,第４コート,"  ","  ","  ","  ","  "," "," "," ",,"  ",,"2021年2月1日 ----------"
10009221,"抽選 (落選)",2020000651,"2021年3月13日 14:30〜16:30",岐阜ファミリーパークテニスコート,第３コート,"  ","  ","  ","  ","  "," "," "," ",,"  ",,"2021年2月1日 ----------"
10009221,"抽選 (落選)",2020000651,"2021年3月13日 14:30〜16:30",岐阜ファミリーパークテニスコート,第４コート,"  ","  ","  ","  ","  "," "," "," ",,"  ",,"2021年2月1日 ----------"
10009221,"抽選 (当選未確定)",2020003969,"2021年3月21日 12:30〜14:30",木ノ下テニスコート,第６コート（人工芝）,"  ","  ","  ","  ","  ",,," ",,,,"2021年2月1日 (2020003542)"
10009221,"抽選 (当選未確定)",2020003969,"2021年3月21日 12:30〜14:30",木ノ下テニスコート,第７コート（人工芝）,"  ","  ","  ","  ","  ",,," ",,,,"2021年2月1日 (2020003542)"
10009221,"抽選 (落選)",2020003970,"2021年3月21日 14:30〜16:30",木ノ下テニスコート,第６コート（人工芝）,"  ","  ","  ","  ","  "," "," "," ",,"  ",,"2021年2月1日 ----------"
10009221,"抽選 (落選)",2020003970,"2021年3月21日 14:30〜16:30",木ノ下テニスコート,第７コート（人工芝）,"  ","  ","  ","  ","  "," "," "," ",,"  ",,"2021年2月1日 ----------"
10009221,"抽選 (落選)",2020002213,"2021年3月21日 12:30〜14:30",境川緑道公園テニスコート,Ａ面,"  ","  ","  ","  ","  "," "," "," ",,"  ",,"2021年2月1日 ----------"
10009221,"抽選 (落選)",2020002213,"2021年3月21日 12:30〜14:30",境川緑道公園テニスコート,Ｂ面,"  ","  ","  ","  ","  "," "," "," ",,"  ",,"2021年2月1日 ----------"
10009221,"抽選 (落選)",2020002214,"2021年3月21日 14:30〜16:30",境川緑道公園テニスコート,Ａ面,"  ","  ","  ","  ","  "," "," "," ",,"  ",,"2021年2月1日 ----------"
10009221,"抽選 (落選)",2020002214,"2021年3月21日 14:30〜16:30",境川緑道公園テニスコート,Ｂ面,"  ","  ","  ","  ","  "," "," "," ",,"  ",,"2021年2月1日 ----------"
10009221,"抽選 (落選)",2020002215,"2021年3月21日 12:30〜14:30",境川緑道公園テニスコート,Ｃ面,"  ","  ","  ","  ","  "," "," "," ",,"  ",,"2021年2月1日 ----------"
10009221,"抽選 (落選)",2020002215,"2021年3月21日 12:30〜14:30",境川緑道公園テニスコート,Ｄ面,"  ","  ","  ","  ","  "," "," "," ",,"  ",,"2021年2月1日 ----------"
10009221,"抽選 (当選未確定)",2020002216,"2021年3月21日 14:30〜16:30",境川緑道公園テニスコート,Ｃ面,"  ","  ","  ","  ","  ",,," ",,,,"2021年2月1日 (2020004078)"
10009221,"抽選 (当選未確定)",2020002216,"2021年3月21日 14:30〜16:30",境川緑道公園テニスコート,Ｄ面,"  ","  ","  ","  ","  ",,," ",,,,"2021年2月1日 (2020004078)"
10009221,"抽選 (落選)",2020002185,"2021年3月28日 12:30〜14:30",境川緑道公園テニスコート,Ｂ面,"  ","  ","  ","  ","  "," "," "," ",,"  ",,"2021年2月1日 ----------"
10009221,"抽選 (落選)",2020002186,"2021年3月28日 14:30〜16:30",境川緑道公園テニスコート,Ａ面,"  ","  ","  ","  ","  "," "," "," ",,"  ",,"2021年2月1日 ----------"
10009221,"抽選 (落選)",2020002186,"2021年3月28日 14:30〜16:30",境川緑道公園テニスコート,Ｂ面,"  ","  ","  ","  ","  "," "," "," ",,"  ",,"2021年2月1日 ----------"
10009221,"抽選 (落選)",2020002187,"2021年3月28日 12:30〜14:30",境川緑道公園テニスコート,Ｃ面,"  ","  ","  ","  ","  "," "," "," ",,"  ",,"2021年2月1日 ----------"
10009221,"抽選 (落選)",2020002187,"2021年3月28日 12:30〜14:30",境川緑道公園テニスコート,Ｄ面,"  ","  ","  ","  ","  "," "," "," ",,"  ",,"2021年2月1日 ----------"
10009221,"抽選 (落選)",2020002188,"2021年3月28日 14:30〜16:30",境川緑道公園テニスコート,Ｃ面,"  ","  ","  ","  ","  "," "," "," ",,"  ",,"2021年2月1日 ----------"
10009221,"抽選 (落選)",2020002188,"2021年3月28日 14:30〜16:30",境川緑道公園テニスコート,Ｄ面,"  ","  ","  ","  ","  "," "," "," ",,"  ",,"2021年2月1日 ----------"
アカウント名,"区分 (状態)","予約申請番号 抽選申請番号","利用日 利用時間",会館名称,施設名称,"設備 予約","減免 申請",支払,"許可書 出力","一括 取消",取消,"一部 取消","追加抽選 申込","利用 確定",許可,"抽選日 (予約申請番号)"
10009280,"抽選 (落選)",2020000638,"2021年3月7日 12:30〜14:30",岐阜ファミリーパークテニスコート,第２コート,"  ","  ","  ","  ","  "," "," "," ",,"  ",,"2021年2月1日 ----------"
10009280,"抽選 (落選)",2020000639,"2021年3月7日 14:30〜16:30",岐阜ファミリーパークテニスコート,第１コート,"  ","  ","  ","  ","  "," "," "," ",,"  ",,"2021年2月1日 ----------"
10009280,"抽選 (落選)",2020000639,"2021年3月7日 14:30〜16:30",岐阜ファミリーパークテニスコート,第２コート,"  ","  ","  ","  ","  "," "," "," ",,"  ",,"2021年2月1日 ----------"
10009280,"抽選 (落選)",2020000652,"2021年3月13日 12:30〜14:30",岐阜ファミリーパークテニスコート,第３コート,"  ","  ","  ","  ","  "," "," "," ",,"  ",,"2021年2月1日 ----------"
10009280,"抽選 (落選)",2020000652,"2021年3月13日 12:30〜14:30",岐阜ファミリーパークテニスコート,第４コート,"  ","  ","  ","  ","  "," "," "," ",,"  ",,"2021年2月1日 ----------"
10009280,"抽選 (落選)",2020000653,"2021年3月13日 14:30〜16:30",岐阜ファミリーパークテニスコート,第３コート,"  ","  ","  ","  ","  "," "," "," ",,"  ",,"2021年2月1日 ----------"
10009280,"抽選 (落選)",2020000653,"2021年3月13日 14:30〜16:30",岐阜ファミリーパークテニスコート,第４コート,"  ","  ","  ","  ","  "," "," "," ",,"  ",,"2021年2月1日 ----------"
10009280,"抽選 (落選)",2020003971,"2021年3月21日 12:30〜14:30",木ノ下テニスコート,第６コート（人工芝）,"  ","  ","  ","  ","  "," "," "," ",,"  ",,"2021年2月1日 ----------"
10009280,"抽選 (落選)",2020003971,"2021年3月21日 12:30〜14:30",木ノ下テニスコート,第７コート（人工芝）,"  ","  ","  ","  ","  "," "," "," ",,"  ",,"2021年2月1日 ----------"
10009280,"抽選 (落選)",2020003972,"2021年3月21日 14:30〜16:30",木ノ下テニスコート,第６コート（人工芝）,"  ","  ","  ","  ","  "," "," "," ",,"  ",,"2021年2月1日 ----------"
10009280,"抽選 (落選)",2020003972,"2021年3月21日 14:30〜16:30",木ノ下テニスコート,第７コート（人工芝）,"  ","  ","  ","  ","  "," "," "," ",,"  ",,"2021年2月1日 ----------"
10009280,"抽選 (落選)",2020002217,"2021年3月21日 12:30〜14:30",境川緑道公園テニスコート,Ａ面,"  ","  ","  ","  ","  "," "," "," ",,"  ",,"2021年2月1日 ----------"
10009280,"抽選 (落選)",2020002217,"2021年3月21日 12:30〜14:30",境川緑道公園テニスコート,Ｂ面,"  ","  ","  ","  ","  "," "," "," ",,"  ",,"2021年2月1日 ----------"
10009280,"抽選 (落選)",2020002218,"2021年3月21日 14:30〜16:30",境川緑道公園テニスコート,Ａ面,"  ","  ","  ","  ","  "," "," "," ",,"  ",,"2021年2月1日 ----------"
10009280,"抽選 (落選)",2020002218,"2021年3月21日 14:30〜16:30",境川緑道公園テニスコート,Ｂ面,"  ","  ","  ","  ","  "," "," "," ",,"  ",,"2021年2月1日 ----------"
10009280,"抽選 (落選)",2020002219,"2021年3月21日 12:30〜14:30",境川緑道公園テニスコート,Ｃ面,"  ","  ","  ","  ","  "," "," "," ",,"  ",,"2021年2月1日 ----------"
10009280,"抽選 (落選)",2020002219,"2021年3月21日 12:30〜14:30",境川緑道公園テニスコート,Ｄ面,"  ","  ","  ","  ","  "," "," "," ",,"  ",,"2021年2月1日 ----------"
10009280,"抽選 (落選)",2020002220,"2021年3月21日 14:30〜16:30",境川緑道公園テニスコート,Ｃ面,"  ","  ","  ","  ","  "," "," "," ",,"  ",,"2021年2月1日 ----------"
10009280,"抽選 (落選)",2020002220,"2021年3月21日 14:30〜16:30",境川緑道公園テニスコート,Ｄ面,"  ","  ","  ","  ","  "," "," "," ",,"  ",,"2021年2月1日 ----------"
10009280,"抽選 (落選)",2020002189,"2021年3月28日 12:30〜14:30",境川緑道公園テニスコート,Ｂ面,"  ","  ","  ","  ","  "," "," "," ",,"  ",,"2021年2月1日 ----------"
10009280,"抽選 (落選)",2020002190,"2021年3月28日 14:30〜16:30",境川緑道公園テニスコート,Ａ面,"  ","  ","  ","  ","  "," "," "," ",,"  ",,"2021年2月1日 ----------"
10009280,"抽選 (落選)",2020002190,"2021年3月28日 14:30〜16:30",境川緑道公園テニスコート,Ｂ面,"  ","  ","  ","  ","  "," "," "," ",,"  ",,"2021年2月1日 ----------"
10009280,"抽選 (落選)",2020002191,"2021年3月28日 12:30〜14:30",境川緑道公園テニスコート,Ｃ面,"  ","  ","  ","  ","  "," "," "," ",,"  ",,"2021年2月1日 ----------"
10009280,"抽選 (落選)",2020002191,"2021年3月28日 12:30〜14:30",境川緑道公園テニスコート,Ｄ面,"  ","  ","  ","  ","  "," "," "," ",,"  ",,"2021年2月1日 ----------"
10009280,"抽選 (落選)",2020002192,"2021年3月28日 14:30〜16:30",境川緑道公園テニスコート,Ｃ面,"  ","  ","  ","  ","  "," "," "," ",,"  ",,"2021年2月1日 ----------"
10009280,"抽選 (落選)",2020002192,"2021年3月28日 14:30〜16:30",境川緑道公園テニスコート,Ｄ面,"  ","  ","  ","  ","  "," "," "," ",,"  ",,"2021年2月1日 ----------"
